"Store Type","Total Sales","Percentage of Total Sales","Total Orders"
"Local",4200344.269999796,65.01947512674285,"78409"
"Mall Kiosk",705645.9000000034,10.923087036230134,"13142"
"Outlet",508029.4100000009,7.864071005577481,"9207"
"Super Store",1045045.1900000079,16.17683822319904,"19276"
"Web Portal",1067.77,0.01652860825050552,"43"
